<?xml version="1.0" encoding="UTF-8"?>
<beans xmlns="http://www.springframework.org/schema/beans"
	xmlns:xsi="http://www.w3.org/2001/XMLSchema-instance" 
	xmlns:aop="http://www.springframework.org/schema/aop"	
	xmlns:context="http://www.springframework.org/schema/context"
	xmlns:util="http://www.springframework.org/schema/util"
	 xmlns:p="http://www.springframework.org/schema/p"
	 xmlns:tx="http://www.springframework.org/schema/tx"
	 xmlns:mvc="http://www.springframework.org/schema/mvc"
	xsi:schemaLocation="http://www.springframework.org/schema/beans 
	http://www.springframework.org/schema/beans/spring-beans-4.0.xsd
	 http://www.springframework.org/schema/context
     http://www.springframework.org/schema/context/spring-context-3.0.xsd
     http://www.springframework.org/schema/util 
     http://www.springframework.org/schema/util/spring-util-3.0.xsd
  http://www.springframework.org/schema/aop 
http://www.springframework.org/schema/aop/spring-aop.xsd
http://www.springframework.org/schema/mvc 
	http://www.springframework.org/schema/mvc/spring-mvc-3.2.xsd
	http://www.springframework.org/schema/tx 
		http://www.springframework.org/schema/tx/spring-tx-3.2.xsd">
		<bean id="sbuObject1" class="com.cg.beans.SBU1">
		<property name="sbuId" value="2101"/>
		<property name="sbuName" value="Karthiyayini"/>
		<property name="sbuHead" value="God"/>
		</bean>
		<bean id="employeeObject1" class="com.cg.beans.Employee1">
		<property name="empId" value="1001"/>
		<property name="empName" value="Tharani"/>
		<property name="empage" value="23"/>
		<property name="empSal" value="56412.45"/>
		<property name="businessUnit">
		<set>
		<ref bean="sbuObject1"/>
		</set>
		</property>
		</bean> 
		<bean id="employeeObject2" class="com.cg.beans.Employee2">
		<property name="empId" value="2101"/>
		<property name="empName" value="Karthiyayini"/>
		<property name="empSal" value="54120.75"/>
		</bean>
		<bean id="employeeObject3" class="com.cg.beans.Employee2">
		<property name="empId" value="1101"/>
		<property name="empName" value="Yayini"/>
		<property name="empSal" value="54120.75"/>
		</bean>
		<bean id="sbuObject2" class="com.cg.beans.SBU2">
		<property name="sbuCode" value="12101"/>
		<property name="sbuName" value="Viji"/>
		<property name="sbuHead" value="Karthiyayini"/>
		<property name="empList">
		<list>
		<ref bean="employeeObject2"/>
		<ref bean="employeeObject3"/>
		</list>
		</property>
		</bean>
		
</beans>